,"Відстань до школи, км",Менше за 0.8км,geometry
0,0.3480245312856638,True,POINT (30.4664612 50.4893332)
1,0.19812785884638168,True,POINT (30.4652395 50.4901758)
2,0.12025515331466537,True,POINT (30.4645405 50.4905557)
3,0.05467958023759872,True,POINT (30.4634152 50.4909658)
4,0.40449010085559484,True,POINT (30.4610249 50.4935296)
5,0.5737192302819853,True,POINT (30.4595299 50.4942728)
6,0.6119468618633577,True,POINT (30.459491 50.4948184)
7,0.6712097894645355,True,POINT (30.4588091 50.4948594)
8,0.7778023145018187,True,POINT (30.4580532 50.495545)
9,0.48869544607529647,True,POINT (30.4594485 50.4924709)
10,0.6686147036624034,True,POINT (30.4576709 50.4922716)
11,0.5877118329999161,True,POINT (30.4583302 50.49185870000001)
12,0.6144985714801764,True,POINT (30.4583226 50.4927514)
13,0.7038079470615407,True,POINT (30.45727460000001 50.4919408)
14,0.7673877392311708,True,POINT (30.4566497 50.491676)
15,0.8186943069656129,False,POINT (30.456263 50.4921883)
16,0.9069509225766971,False,POINT (30.4554491 50.4921672)
17,0.8632907544619011,False,POINT (30.4558362 50.4920889)
18,0.8338144573408759,False,POINT (30.4560557 50.49175839999999)
19,0.9044057561054107,False,POINT (30.4553824 50.4914852)
20,0.9840118272096045,False,POINT (30.4546519 50.49137329999999)
21,0.9840118272096045,False,POINT (30.4546519 50.49137329999999)
22,1.1204242307465622,False,POINT (30.4534113 50.4912527)
23,1.0198473088639814,False,POINT (30.454331 50.49141029999999)
24,1.1750650694358302,False,POINT (30.452923 50.4913269)
25,1.2304144320726396,False,POINT (30.4524215 50.4912935)
26,1.2984209599624041,False,POINT (30.4518011 50.4911609)
27,1.3623872357247302,False,POINT (30.4512203 50.4910614)
28,1.4158402414429125,False,POINT (30.4507318 50.49084620000001)
29,1.4256315284090557,False,POINT (30.4506481 50.4909934)
30,1.46683902672721,False,POINT (30.4502696 50.4907013)
31,1.4745320398555375,False,POINT (30.4502086 50.4910195)
32,1.5205487034374574,False,POINT (30.4497904 50.4908953)
33,1.5619256995836346,False,POINT (30.4494117 50.4905148)
34,1.584403458583756,False,POINT (30.4492091 50.4903618)
35,1.6471128769312207,False,POINT (30.4486463 50.4906466)
36,1.6611793002370931,False,POINT (30.4485185 50.4902829)
37,1.6611793002370931,False,POINT (30.4485185 50.4902829)
38,1.689839780574823,False,POINT (30.4482611 50.4902125)
39,1.7277012771256373,False,POINT (30.4479202 50.4902329)
40,1.7677012327927943,False,POINT (30.4475596 50.4903815)
41,1.7746022594722664,False,POINT (30.4474979 50.4902657)
42,1.8002160989219453,False,POINT (30.447267 50.4904102)
43,1.9461910227591315,False,POINT (30.4459559 50.490054)
44,1.914435216488928,False,POINT (30.4462403 50.4906286)
45,2.0168412080529046,False,POINT (30.4453278 50.4911033)
46,2.0762179971433397,False,POINT (30.4448069 50.4914873)
47,1.9441793708070931,False,POINT (30.4459799 50.4897689)
48,1.9719404201921136,False,POINT (30.445752 50.4891951)
49,2.0526102897290035,False,POINT (30.4450205 50.4892889)
50,2.0949712611749054,False,POINT (30.4446365 50.4893427)
51,2.126525358763054,False,POINT (30.4443584 50.4892016)
52,2.143785651082986,False,POINT (30.4442066 50.489123)
53,2.616464734948289,False,POINT (30.4400923 50.487116)
54,2.616464734948289,False,POINT (30.4400923 50.487116)
55,2.616464734948289,False,POINT (30.4400923 50.487116)
56,2.616464734948289,False,POINT (30.4400923 50.487116)
57,2.616464734948289,False,POINT (30.4400923 50.487116)
58,0.08501885778660055,True,POINT (30.4627976 50.48996810000001)
59,0.2709742956886164,True,POINT (30.4610566 50.4908268)
60,0.23253634859685635,True,POINT (30.4613814 50.49019879999999)
61,0.2709742956886164,True,POINT (30.4610566 50.4908268)
62,0.2709742956886164,True,POINT (30.4610566 50.4908268)
63,0.2709742956886164,True,POINT (30.4610566 50.4908268)
64,0.34644696940306346,True,POINT (30.4605339 50.4916243)
65,0.34644696940306346,True,POINT (30.4605339 50.4916243)
66,0.5482242772411992,True,POINT (30.4591233 50.49311179999999)
67,0.5702977479491409,True,POINT (30.4588507 50.4929996)
68,0.6372235783015299,True,POINT (30.4584071 50.4935284)
69,0.6412749058521507,True,POINT (30.458449 50.4937044)
70,0.7278335279024095,True,POINT (30.4577744 50.49415620000001)
71,0.7349412927471024,True,POINT (30.4577436 50.494243)
72,0.8237358358949838,False,POINT (30.45700039999999 50.4946022)
73,0.9065018582504218,False,POINT (30.4564028 50.4951309)
74,0.6623406380770593,True,POINT (30.4579357 50.49297429999999)
75,0.7255308308566847,True,POINT (30.4572314 50.4926434)
76,0.7031741344976519,True,POINT (30.4215107 50.51187879999999)
77,0.5515623788350056,True,POINT (30.420175 50.51150999999999)
78,0.46846685316779396,True,POINT (30.4196065 50.51072929999999)
79,0.34850579283534383,True,POINT (30.418392 50.5109679)
80,0.21806074625196123,True,POINT (30.4167462 50.5112641)
81,0.25141796256410814,True,POINT (30.4177757 50.5098098)
82,0.09065670104670327,True,POINT (30.4161212 50.5101307)
83,0.16925778050035636,True,POINT (30.416975 50.5100406)
84,0.1181455395454099,True,POINT (30.4145458 50.509939)
85,0.4430839317187632,True,POINT (30.419474 50.5087862)
86,0.3607982068467141,True,POINT (30.4186996 50.5086532)
87,0.31289299969296125,True,POINT (30.4183299 50.5091158)
88,0.4019956979031169,True,POINT (30.4191486 50.5094142)
89,0.6276775787541989,True,POINT (30.4206352 50.50667070000001)
90,0.4666289933025222,True,POINT (30.4192273 50.5071654)
91,0.4965362541364534,True,POINT (30.4191348 50.506413)
92,0.44041185506871416,True,POINT (30.4115888 50.5090101)
93,0.3317945918173015,True,POINT (30.412557 50.50917639999999)
94,0.2181033997793379,True,POINT (30.413569 50.5095081)
95,0.5456013145151053,True,POINT (30.41071760000001 50.5105967)
96,0.48803393766273273,True,POINT (30.4111576 50.5099357)
97,0.41476578814114223,True,POINT (30.4118618 50.5102671)
98,0.4786982094958098,True,POINT (30.4113335 50.5105973)
99,0.3587615371777187,True,POINT (30.4126626 50.5111939)
100,0.35366313514461295,True,POINT (30.4128651 50.51149179999999)
101,0.2546616119920092,True,POINT (30.4138595 50.5112943)
102,0.2546616119920092,True,POINT (30.4138595 50.5112943)
103,0.3391572877065155,True,POINT (30.4166926 50.506204)
104,0.3206578062975177,True,POINT (30.4170536 50.5066343)
105,0.30104507284663135,True,POINT (30.4173002 50.5070975)
106,0.19997797802411224,True,POINT (30.416552 50.5077582)
107,0.1843141930957569,True,POINT (30.4151705 50.50759979999999)
108,0.15463238291793424,True,POINT (30.4146337 50.50824420000001)
109,0.16942757190380384,True,POINT (30.4140794 50.5089381)
110,0.25064249545761524,True,POINT (30.4156367 50.5068644)
111,0.5752932366522291,True,POINT (30.412328 50.5121362)
112,0.45938385344393046,True,POINT (30.4133842 50.51205460000001)
113,0.297319724484117,True,POINT (30.4149156 50.5117915)
114,0.09184302887715845,True,POINT (30.4171863 50.5117606)
115,0.16437253700565888,True,POINT (30.4186034 50.5115304)
116,0.2634758878790194,True,POINT (30.4198181 50.5121599)
117,0.12555734995253734,True,POINT (30.4185066 50.5120925)
118,0.16367947862754956,True,POINT (30.4188632 50.51325870000001)
119,0.15507190761421433,True,POINT (30.416095 50.5125202)
120,0.4275870493194828,True,POINT (30.4136395 50.5127825)
121,0.3102575361158023,True,POINT (30.4147309 50.5131804)
122,0.1957345898023706,True,POINT (30.4157562 50.5130408)
123,0.24929294557344958,True,POINT (30.4153997 50.513611)
124,0.14981248700060404,True,POINT (30.4163592 50.51351270000001)
125,0.16076133744259347,True,POINT (30.4165266 50.5139098)
126,0.11953312143032582,True,POINT (30.4174357 50.5138999)
127,0.43294143490446146,True,POINT (30.4210507 50.5144762)
128,0.2983143035716482,True,POINT (30.4193696 50.5148716)
129,0.3847097212193413,True,POINT (30.4204434 50.5147403)
130,0.1364718651286803,True,POINT (30.418366 50.5136469)
131,0.1701955188232778,True,POINT (30.4190171 50.5126801)
132,0.42194209516952225,True,POINT (30.4209655 50.5144157)
133,0.434705722648647,True,POINT (30.4212266 50.51398029999999)
134,0.6672131292665121,True,POINT (30.4146248 50.50653270000001)
135,0.7061733071447627,True,POINT (30.4137447 50.5066972)
136,0.7588217171070952,True,POINT (30.4126316 50.5070847)
137,0.6491942277136831,True,POINT (30.4138065 50.50739179999999)
138,0.8681326200614926,False,POINT (30.4111488 50.507356)
139,0.910048915770459,False,POINT (30.4105416 50.50762)
140,1.3723504080098632,False,POINT (30.51043839999999 50.4829686)
141,1.3590224609328065,False,POINT (30.5108251 50.4827454)
142,1.318968838935774,False,POINT (30.5105426 50.48238189999999)
143,1.2712647083183624,False,POINT (30.51084910000001 50.4818034)
144,2.5002586304903844,False,POINT (30.5298581 50.47679220000001)
145,2.441070491888611,False,POINT (30.5293167 50.4767263)
146,2.519255115986402,False,POINT (30.5277944 50.4825111)
147,2.8042361167351695,False,POINT (30.532644 50.477077)
148,2.7442126981450814,False,POINT (30.5321156 50.4769403)
149,2.8082888492371634,False,POINT (30.532679 50.4770889)
150,2.517884892221766,False,POINT (30.5303164 50.47563529999999)
151,2.640484527968781,False,POINT (30.5314321 50.4757465)
152,2.5322365659649333,False,POINT (30.5303552 50.476036)
153,2.5109514740596834,False,POINT (30.5301702 50.4759783)
154,2.573259832491486,False,POINT (30.5307357 50.4760483)
155,2.6032218278286496,False,POINT (30.5310106 50.4760689)
156,2.633537625919133,False,POINT (30.5312945 50.4760647)
157,2.517884892221766,False,POINT (30.5303164 50.47563529999999)
158,2.684249892867939,False,POINT (30.5315567 50.4769239)
159,2.69594556296489,False,POINT (30.53186 50.4761347)
160,2.930678457412021,False,POINT (30.5339575 50.4765183)
161,2.44895926560499,False,POINT (30.5297219 50.4754289)
162,2.6028934305325877,False,POINT (30.5308041 50.4768746)
163,1.9836968400432788,False,POINT (30.525506 50.4748682)
164,0.16173420711562,True,POINT (30.5069765 50.4687648)
165,0.21124084902421897,True,POINT (30.5065462 50.46911179999999)
166,0.12449773465231874,True,POINT (30.5073191 50.4686657)
167,0.3938538704934296,True,POINT (30.5049343 50.4681535)
168,0.09338976628343382,True,POINT (30.5075922 50.4687648)
169,0.01505909262089365,True,POINT (30.5083219 50.46873170000001)
170,0.06427221984341085,True,POINT (30.5080517 50.4693318)
171,0.08577381089509374,True,POINT (30.5076933 50.4690886)
172,0.0950445305437295,True,POINT (30.5085051 50.469814)
173,0.5920133362435788,True,POINT (30.5034811 50.4711113)
174,0.6656947537214772,True,POINT (30.5027687 50.4710948)
175,0.5747330280078741,True,POINT (30.5041192 50.47214)
176,0.8295275216217969,False,POINT (30.5151555 50.465063)
177,0.7771110760194918,True,POINT (30.5145781 50.4649549)
178,0.43207053941588225,True,POINT (30.5120253 50.4671039)
179,0.39899570108276106,True,POINT (30.5117619 50.4672691)
180,0.4040157143951881,True,POINT (30.5116199 50.4667982)
181,0.1651449689322594,True,POINT (30.5097496 50.4680294)
182,0.1651449689322594,True,POINT (30.5097496 50.4680294)
183,0.1173335237132059,True,POINT (30.5094096 50.4692852)
184,0.049269682527263464,True,POINT (30.508561 50.469317)
185,0.10474322153339606,True,POINT (30.5078361 50.4696736)
186,0.0,True,POINT (30.508431 50.468825)
187,0.23429424549800645,True,POINT (30.5064065 50.4695084)
188,0.1983926799849547,True,POINT (30.5070545 50.4701446)
189,0.23805839867111528,True,POINT (30.5064334 50.4697232)
190,0.29365260131347665,True,POINT (30.5061379 50.4703493)
191,0.31799559925746046,True,POINT (30.5058143 50.4701694)
192,0.42604550611214637,True,POINT (30.5053241 50.4714323)
193,0.379745270305857,True,POINT (30.5052828 50.4703677)
194,0.4997540866564989,True,POINT (30.5046348 50.4716236)
195,0.3594288691083903,True,POINT (30.5055691 50.4705742)
196,0.49467966200146124,True,POINT (30.5043006 50.4707519)
197,0.505269557771564,True,POINT (30.5044008 50.4712683)
198,0.5802641813556308,True,POINT (30.5038284 50.4716875)
199,0.9243037802692882,False,POINT (30.515427 50.46360300000001)
200,0.7350308073975855,True,POINT (30.5138124 50.4643609)
201,0.5285674819811795,True,POINT (30.5037646 50.4698945)
202,0.3741856791142219,True,POINT (30.5058259 50.4713013)
203,0.4294346679983519,True,POINT (30.507376 50.47314)
204,0.40355840724716674,True,POINT (30.5082417 50.4730344)
205,0.5391461877182995,True,POINT (30.513277 50.468552)
206,0.4718450098873567,True,POINT (30.5126725 50.4690536)
207,0.4126958798535081,True,POINT (30.5121361 50.46911979999999)
208,0.4152828909961573,True,POINT (30.51216 50.46911)
209,0.2084029262458857,True,POINT (30.5100753 50.4698718)
210,0.7161437954103069,True,POINT (30.5019929 50.4684922)
211,0.315271923605976,True,POINT (30.5112028 50.4695274)
212,0.65666212384796,True,POINT (30.5140149 50.4710694)
213,0.5943604093382107,True,POINT (30.5133889 50.4711541)
214,0.7143488668236911,True,POINT (30.5144774 50.4713586)
215,0.7508837611302073,True,POINT (30.5146242 50.4719617)
216,0.24988521987763357,True,POINT (30.5102801 50.46565)
217,0.1366111981513232,True,POINT (30.5085058 50.4666084)
218,0.16029804338374826,True,POINT (30.5080011 50.4667654)
219,0.1915956320101242,True,POINT (30.5075918 50.4668728)
220,0.6849817153311091,True,POINT (30.5031639 50.4698349)
221,0.6638411118558563,True,POINT (30.5033689 50.4698615)
222,0.5810603648469551,True,POINT (30.504402 50.47055349999999)
223,0.5620078909667573,True,POINT (30.5046755 50.4707295)
224,0.6342479223258026,True,POINT (30.508045 50.474377)
225,0.5838107848051876,True,POINT (30.508501 50.4739237)
226,0.5133429885020234,True,POINT (30.5055594 50.4713226)
227,0.5133429885020234,True,POINT (30.5055594 50.4713226)
228,0.5570251095797504,True,POINT (30.5045923 50.4704338)
229,0.542442357520121,True,POINT (30.5048303 50.4706321)
230,0.08998903349022187,True,POINT (30.5082802 50.46783120000001)
231,0.3580969039364308,True,POINT (30.5117075 50.4700451)
232,0.552629721816698,True,POINT (30.5086528 50.4621143)
233,0.5689787467299796,True,POINT (30.5089249 50.46192429999999)
234,0.6522093685818658,True,POINT (30.5100706 50.4611477)
235,0.6232687426301491,True,POINT (30.5091258 50.4613543)
236,0.7450835251808119,True,POINT (30.5111814 50.4604702)
237,0.7644545425827767,True,POINT (30.5114273 50.4603546)
238,0.7921585612435753,True,POINT (30.5116994 50.4601645)
239,0.8075102513201186,False,POINT (30.5118398 50.4600571)
240,0.8283690045723983,False,POINT (30.5120858 50.4599415)
241,0.919322383194865,False,POINT (30.5132456 50.4595614)
242,0.28674386693052134,True,POINT (30.5116571 50.4675666)
243,0.2764735584929665,True,POINT (30.5114734 50.4670378)
244,0.23508570521320252,True,POINT (30.5112002 50.46769879999999)
245,0.1643861049919255,True,POINT (30.5105589 50.4680624)
246,0.15363166925155095,True,POINT (30.5104565 50.4676245)
247,0.1316278366848734,True,POINT (30.5102678 50.4677237)
248,0.09530511334263986,True,POINT (30.5099289 50.46766)
249,0.09664615570679787,True,POINT (30.5099377 50.4676411)
250,0.4956556161689321,True,POINT (30.505569 50.471043)
251,0.2821495040955761,True,POINT (30.510669 50.46555679999999)
252,0.3145058143279147,True,POINT (30.5113778 50.4659311)
253,0.3145058143279147,True,POINT (30.5113778 50.4659311)
254,0.29274406164477074,True,POINT (30.5113106 50.46622)
255,0.3162245508548115,True,POINT (30.511685 50.46651)
256,0.29274406164477074,True,POINT (30.5113106 50.46622)
257,0.4884464285120339,True,POINT (30.5048846 50.4693501)
258,0.43274985729917703,True,POINT (30.5053766 50.4692275)
259,0.38487089498090565,True,POINT (30.5059239 50.469495)
260,0.4598897707700164,True,POINT (30.5053431 50.469905)
261,0.40731418778181444,True,POINT (30.50589310000001 50.4699463)
262,0.2795702450323703,True,POINT (30.5077148 50.4703098)
263,0.3923519320266113,True,POINT (30.5066806 50.47086029999999)
264,0.12608450564346096,True,POINT (30.509807 50.466844)
265,0.23708166573460263,True,POINT (30.5069884 50.4682939)
266,0.2916137345896619,True,POINT (30.5064688 50.4680213)
267,0.2916137345896619,True,POINT (30.5064688 50.4680213)
268,0.3161020666747104,True,POINT (30.5063164 50.4685996)
269,0.3161020666747104,True,POINT (30.5063164 50.4685996)
270,0.42953017126875614,True,POINT (30.5053157 50.4688345)
271,0.3741326647665668,True,POINT (30.5058464 50.4689136)
272,0.5181409122876339,True,POINT (30.5045616 50.469156)
273,0.6849408572405344,True,POINT (30.5030012 50.46897970000001)
274,0.6849408572405344,True,POINT (30.5030012 50.46897970000001)
275,0.6598174850784676,True,POINT (30.50321 50.468826)
276,0.5667771816801923,True,POINT (30.5130643 50.4641545)
277,0.5805297057745967,True,POINT (30.5134561 50.4645355)
278,0.6120064697386797,True,POINT (30.5140606 50.46511270000001)
279,0.7684598637062149,True,POINT (30.5158558 50.4662071)
280,0.5060385806522051,True,POINT (30.51361 50.468502)
281,0.44385113103614543,True,POINT (30.512991 50.468857)
282,0.44385113103614543,True,POINT (30.512991 50.468857)
283,0.31042223029066746,True,POINT (30.5117318 50.4689163)
284,0.21007398917482342,True,POINT (30.5108289 50.4670048)
285,0.10952887167344985,True,POINT (30.509927 50.467261)
286,0.1831839109996101,True,POINT (30.510689 50.4674014)
287,0.37977080948573405,True,POINT (30.512507 50.467872)
288,0.37977080948573405,True,POINT (30.512507 50.467872)
289,0.33830677042269003,True,POINT (30.5121077 50.4683266)
290,0.517338228465599,True,POINT (30.513666 50.4688552)
291,0.5470043593023677,True,POINT (30.5139041 50.46905349999999)
292,0.4767049765188315,True,POINT (30.5131836 50.469351)
293,0.6717006920808105,True,POINT (30.5150561 50.46898729999999)
294,0.5309778547049219,True,POINT (30.5136848 50.46938400000001)
295,0.5996772461155088,True,POINT (30.5143255 50.4693801)
296,0.6592578813647848,True,POINT (30.5148118 50.4696813)
297,0.6177807469226383,True,POINT (30.5144019 50.469766)
298,0.6177807469226383,True,POINT (30.5144019 50.469766)
299,0.6924713476584698,True,POINT (30.514884 50.470525)
300,0.6966855357314845,True,POINT (30.5149195 50.47054050000001)
301,0.42645889161173495,True,POINT (30.5052594 50.467585)
302,0.7939388333513341,True,POINT (30.5107596 50.4598012)
303,0.9753197546694893,False,POINT (30.5110957 50.4579466)
304,1.0056357773763704,False,POINT (30.5088385 50.4573644)
305,0.6457443636931333,True,POINT (30.5079295 50.4612552)
306,0.6456022831391462,True,POINT (30.5074725 50.4613874)
307,0.6685946084601788,True,POINT (30.5071189 50.46126599999999)
308,0.6685946084601788,True,POINT (30.5071189 50.46126599999999)
309,0.6685946084601788,True,POINT (30.5071189 50.46126599999999)
310,0.6685946084601788,True,POINT (30.5071189 50.46126599999999)
311,0.6685946084601788,True,POINT (30.5071189 50.46126599999999)
312,0.6779407539494362,True,POINT (30.5093139 50.46078789999999)
313,0.6779407539494362,True,POINT (30.5093139 50.46078789999999)
314,0.6779407539494362,True,POINT (30.5093139 50.46078789999999)
315,0.6779407539494362,True,POINT (30.5093139 50.46078789999999)
316,0.6779407539494362,True,POINT (30.5093139 50.46078789999999)
317,0.6964453137304244,True,POINT (30.5095455 50.4606091)
318,0.6964453137304244,True,POINT (30.5095455 50.4606091)
319,0.6964453137304244,True,POINT (30.5095455 50.4606091)
320,0.6964453137304244,True,POINT (30.5095455 50.4606091)
321,0.7178212963183098,True,POINT (30.509776 50.46040900000001)
322,0.7363677325663504,True,POINT (30.5091315 50.460173)
323,0.7473466071837188,True,POINT (30.5097733 50.4600986)
324,0.7473466071837188,True,POINT (30.5097733 50.4600986)
325,0.7473466071837188,True,POINT (30.5097733 50.4600986)
326,0.7473466071837188,True,POINT (30.5097733 50.4600986)
327,0.7473466071837188,True,POINT (30.5097733 50.4600986)
328,0.7972064230854716,True,POINT (30.5099078 50.4595917)
329,0.7972064230854716,True,POINT (30.5099078 50.4595917)
330,0.7972064230854716,True,POINT (30.5099078 50.4595917)
331,0.6779407539494362,True,POINT (30.5093139 50.46078789999999)
332,0.18308255308304974,True,POINT (30.5142414 50.4669302)
333,0.056132690948469996,True,POINT (30.5157018 50.4678099)
334,0.043233271784009424,True,POINT (30.5158663 50.4677066)
335,0.04786760795461281,True,POINT (30.5160774 50.46769)
336,0.12917968451501252,True,POINT (30.5164312 50.4684335)
337,0.21571516900519633,True,POINT (30.5172089 50.468881)
338,0.21571516900519633,True,POINT (30.5172089 50.468881)
339,0.2506427140886612,True,POINT (30.5176211 50.468898)
340,0.27224114332566185,True,POINT (30.5179071 50.468826)
341,0.2768987058572532,True,POINT (30.517679 50.469238)
342,0.4039767442190814,True,POINT (30.51904960000001 50.4692902)
343,0.8188843058632699,False,POINT (30.5123666 50.4597267)
344,0.8188843058632699,False,POINT (30.5123666 50.4597267)
345,0.8142376675983216,False,POINT (30.5125381 50.4596771)
346,0.969179371277788,False,POINT (30.5243465 50.46489620000001)
347,0.8817435160245328,False,POINT (30.52353 50.464874)
348,0.2667356635395426,True,POINT (30.5155164 50.4700117)
349,0.32769403674882996,True,POINT (30.5143292 50.4701771)
350,0.3243041314469058,True,POINT (30.5141396 50.4699871)
351,0.35382599507076123,True,POINT (30.5144491 50.4705654)
352,0.48968893023767335,True,POINT (30.5128976 50.4710365)
353,0.3815099016705634,True,POINT (30.5141855 50.4707307)
354,0.3977502223842608,True,POINT (30.5140054 50.470805)
355,0.8693028598818514,False,POINT (30.5131203 50.4587519)
356,0.8965713467562928,False,POINT (30.5131854 50.4584214)
357,0.8934224585758038,False,POINT (30.5135853 50.4583057)
358,0.9020332163286191,False,POINT (30.5127856 50.4585371)
359,0.9166148045950332,False,POINT (30.5133056 50.458153)
360,0.9194979035874378,False,POINT (30.5126841 50.4583884)
361,0.9276191573951205,False,POINT (30.5133251 50.4580249)
362,0.9474081104849532,False,POINT (30.5134124 50.4577771)
363,0.9257788324265607,False,POINT (30.5137249 50.4579092)
364,0.927950137977413,False,POINT (30.5129078 50.4581902)
365,0.9452701295716385,False,POINT (30.5128064 50.4580415)
366,0.927950137977413,False,POINT (30.5129078 50.4581902)
367,0.9634442660449707,False,POINT (30.5134822 50.45757879999999)
368,0.9422454289424776,False,POINT (30.5137376 50.4577275)
369,0.9506868858856856,False,POINT (30.5130125 50.4578928)
370,0.9711510688955788,False,POINT (30.5137455 50.4574136)
371,0.9711510688955788,False,POINT (30.5137455 50.4574136)
372,0.9755207632904523,False,POINT (30.5129459 50.457645)
373,0.9711127434088109,False,POINT (30.5135414 50.4574763)
374,0.9711127434088109,False,POINT (30.5135414 50.4574763)
375,0.9987048860329257,False,POINT (30.5130508 50.45734760000001)
376,0.9733928362308597,False,POINT (30.5131744 50.4575789)
377,0.9756871135578996,False,POINT (30.513155 50.457561)
378,0.9763601346722259,False,POINT (30.5133168 50.45749470000001)
379,0.9908930924266874,False,POINT (30.5135971 50.4572449)
380,0.9575587475025927,False,POINT (30.5104983 50.4594296)
381,1.0535260937905835,False,POINT (30.5104905 50.4581896)
382,1.0930679392545595,False,POINT (30.510317 50.4578269)
383,0.9575587475025927,False,POINT (30.5104983 50.4594296)
384,1.1641841148967897,False,POINT (30.5095382 50.4575626)
385,1.0535260937905835,False,POINT (30.5104905 50.4581896)
386,1.5387297687217234,False,POINT (30.528394 50.474099)
387,0.9556679186427881,False,POINT (30.5093139 50.46078789999999)
388,0.982987544484047,False,POINT (30.5099712 50.4595984)
389,0.2664037691848388,True,POINT (30.515396 50.464526)
390,0.25465821055740917,True,POINT (30.5138695 50.4659471)
391,0.1281692882004319,True,POINT (30.5147128 50.4671945)
392,0.1281692882004319,True,POINT (30.5147128 50.4671945)
393,0.2513347814609954,True,POINT (30.5136762 50.46791629999999)
394,0.3141796298440246,True,POINT (30.513091 50.467889)
395,0.3141796298440246,True,POINT (30.513091 50.467889)
396,0.22220026622379438,True,POINT (30.5139569 50.4679489)
397,0.23875909743435852,True,POINT (30.5139992 50.4684917)
398,0.30273574316205826,True,POINT (30.513148 50.467486)
399,0.30273574316205826,True,POINT (30.513148 50.467486)
400,0.30273574316205826,True,POINT (30.513148 50.467486)
401,0.30273574316205826,True,POINT (30.513148 50.467486)
402,0.21442360991198295,True,POINT (30.5139555 50.46757720000001)
403,0.1940199471816691,True,POINT (30.5142089 50.4678968)
404,0.1329688391662078,True,POINT (30.5155012 50.4685782)
405,0.27229481388136345,True,POINT (30.5170461 50.4697471)
406,0.3975505725765716,True,POINT (30.51564310000001 50.47139970000001)
407,0.4128542278593432,True,POINT (30.5159955 50.4715649)
408,0.18975483196417717,True,POINT (30.5163114 50.4653418)
409,0.281084385924682,True,POINT (30.518157 50.466013)
410,0.30905003566060246,True,POINT (30.5184966 50.46621079999999)
411,0.30554452591383074,True,POINT (30.51846 50.4662)
412,0.33848556929952905,True,POINT (30.5132752 50.46539379999999)
413,0.23120518650763966,True,POINT (30.5142559 50.465724)
414,0.07174324467204951,True,POINT (30.5158072 50.4665086)
415,0.07174324467204951,True,POINT (30.5158072 50.4665086)
416,0.07174324467204951,True,POINT (30.5158072 50.4665086)
417,0.06950140231758084,True,POINT (30.5162316 50.46666679999999)
418,0.09866844193705188,True,POINT (30.51668 50.466846)
419,0.09866844193705188,True,POINT (30.51668 50.466846)
420,0.09866844193705188,True,POINT (30.51668 50.466846)
421,0.08904183123478654,True,POINT (30.5154276 50.4664757)
422,0.32995463482443393,True,POINT (30.518722 50.4681936)
423,0.12943511360918947,True,POINT (30.5170049 50.46753289999999)
424,0.1199431530088031,True,POINT (30.516862 50.467735)
425,0.3576488383663233,True,POINT (30.516205 50.47097)
426,0.22064463574233623,True,POINT (30.5178166 50.4668306)
427,0.5807185369060645,True,POINT (30.43839910000001 50.5130597)
428,0.5029864597820755,True,POINT (30.437251 50.51383610000001)
429,0.5627521811265734,True,POINT (30.438004 50.5136034)
430,0.4677075802894164,True,POINT (30.4366262 50.5141499)
431,0.8818934447413127,False,POINT (30.440957 50.5141033)
432,0.759118202875271,True,POINT (30.439549 50.5145985)
433,0.7263449108153797,True,POINT (30.4393288 50.5143503)
434,0.9570196812603647,False,POINT (30.4284787 50.50275)
435,0.9570196812603647,False,POINT (30.4284787 50.50275)
436,0.70541845676361,True,POINT (30.4389637 50.5146559)
437,0.6778126433748718,True,POINT (30.4389809 50.5140275)
438,0.6788181235513375,True,POINT (30.4386115 50.51477970000001)
439,0.6153143813987163,True,POINT (30.4381098 50.5144569)
440,0.6513089231290097,True,POINT (30.4385672 50.5143249)
441,0.45418201313701745,True,POINT (30.4372724 50.5127612)
442,0.2863285508479742,True,POINT (30.4360041 50.511702)
443,0.24312001757066126,True,POINT (30.4355203 50.5119083)
444,0.16841038075528716,True,POINT (30.4350532 50.5109075)
445,0.26485573079030245,True,POINT (30.4358801 50.51031279999999)
446,0.28917336228906115,True,POINT (30.4359824 50.5097933)
447,0.14781491804107702,True,POINT (30.4347629 50.5114364)
448,0.10821361507640036,True,POINT (30.4344462 50.5104211)
449,0.1771315182929051,True,POINT (30.4350085 50.5101154)
450,0.10480179235788933,True,POINT (30.4337146 50.5097572)
451,0.16986565748566645,True,POINT (30.4331157 50.5091284)
452,0.09999664579840964,True,POINT (30.4330194 50.5099799)
453,0.18531715937778465,True,POINT (30.4323943 50.5094255)
454,0.447072708863846,True,POINT (30.4370349 50.5131414)
455,0.3499053933698701,True,POINT (30.4347601 50.5141981)
456,0.20946451336762661,True,POINT (30.433285 50.5129981)
457,0.16506703228017253,True,POINT (30.4327212 50.51227)
458,0.23443249564557112,True,POINT (30.4316297 50.5118723)
459,0.15692585271372375,True,POINT (30.4322632 50.5115338)
460,0.2929555085915723,True,POINT (30.4309074 50.5110118)
461,0.3962121961451335,True,POINT (30.4299744 50.5107465)
462,0.5036468014497113,True,POINT (30.4290077 50.5109337)
463,0.26652094964949,True,POINT (30.4316062 50.5091851)
464,0.2176774055805749,True,POINT (30.4318178 50.5097475)
465,0.32324348231936556,True,POINT (30.4307617 50.50982929999999)
466,0.32349270583244094,True,POINT (30.4306476 50.5104411)
467,0.5487284218705467,True,POINT (30.438477 50.51081079999999)
468,0.64078270042528,True,POINT (30.4393031 50.51102150000001)
469,0.5278452638420369,True,POINT (30.4382635 50.5114032)
470,0.5556527266304013,True,POINT (30.4384889 50.5116536)
471,0.4412294159856593,True,POINT (30.4374914 50.5112731)
472,0.5219493802942187,True,POINT (30.4380819 50.5122161)
473,0.3822056364103162,True,POINT (30.4368405 50.5119506)
474,0.4138963880269594,True,POINT (30.4370855 50.5121521)
475,0.29899966057466776,True,POINT (30.4358462 50.51243770000001)
476,0.35542409888618515,True,POINT (30.4361985 50.5128928)
477,1.894283823934321,False,POINT (30.4249595 50.4910011)
478,1.7188126757236293,False,POINT (30.4234643 50.4923223)
479,1.8181939836455536,False,POINT (30.4243662 50.4925297)
480,1.9057603859776893,False,POINT (30.4251491 50.49234860000001)
481,1.5665771758298697,False,POINT (30.42211 50.4932468)
482,1.647227190620605,False,POINT (30.4228223 50.4923961)
483,1.506994842329528,False,POINT (30.4215733 50.4933125)
484,1.4720109636658547,False,POINT (30.421252 50.4926261)
485,1.8695980591513566,False,POINT (30.4248371 50.49308389999999)
486,1.7591760860740269,False,POINT (30.423843 50.4932814)
487,1.7591760860740269,False,POINT (30.423843 50.4932814)
488,1.569654705412413,False,POINT (30.4221319 50.49361879999999)
489,1.92621777223881,False,POINT (30.4252984 50.49163789999999)
490,1.9955175552647304,False,POINT (30.425954 50.4922501)
491,1.9848836885783607,False,POINT (30.4258661 50.492498)
492,0.35837510412317714,True,POINT (30.405163 50.49138679999999)
493,0.32178745546622806,True,POINT (30.4051627 50.492544)
494,0.4775572854592116,True,POINT (30.4037553 50.4924598)
495,0.43891394863256955,True,POINT (30.4063814 50.48896629999999)
496,0.34358704187085753,True,POINT (30.4065968 50.4899501)
497,0.3385093180176886,True,POINT (30.4073005 50.4897029)
498,0.32746291472890177,True,POINT (30.4080128 50.48972020000001)
499,0.33528381799729234,True,POINT (30.4087253 50.4897375)
500,0.24415233725515995,True,POINT (30.4083602 50.4906215)
501,0.21002816463295088,True,POINT (30.4065966 50.4916859)
502,0.18446861513427382,True,POINT (30.4073178 50.4913891)
503,0.1690490551617597,True,POINT (30.4079909 50.49137329999999)
504,0.18011857695194194,True,POINT (30.4086462 50.491407)
505,0.22150216449168653,True,POINT (30.4093191 50.4913912)
506,0.15200845633767887,True,POINT (30.406645 50.4931407)
507,0.16672742763207996,True,POINT (30.4068647 50.4942568)
508,0.12238967584841624,True,POINT (30.4078411 50.4943984)
509,0.14484552733950995,True,POINT (30.4087076 50.4944158)
510,0.20795909058722717,True,POINT (30.4095345 50.4944002)
511,0.23592908498701787,True,POINT (30.4065698 50.4949426)
512,0.37928427037656304,True,POINT (30.4093719 50.48950670000001)
513,1.7762338250267706,False,POINT (30.4239392 50.4915623)
514,0.39716097681211304,True,POINT (30.4064522 50.4818257)
515,0.3321131697749068,True,POINT (30.4069581 50.4822808)
516,0.3359449872310277,True,POINT (30.4064304 50.4826108)
517,0.2364842733904994,True,POINT (30.4066061 50.4838506)
518,0.19906181791235525,True,POINT (30.4072921 50.483653)
519,0.16806381673834064,True,POINT (30.4080043 50.4836703)
520,0.17328240848194168,True,POINT (30.4086771 50.4836545)
521,0.19253960250858146,True,POINT (30.4093368 50.4838205)
522,0.0801169796194462,True,POINT (30.4083033 50.4845632)
523,0.18363556733510805,True,POINT (30.4066279 50.4856689)
524,0.2785245862582681,True,POINT (30.4066146 50.4875863)
525,0.21366764954472375,True,POINT (30.4073182 50.4873391)
526,0.18699825665578848,True,POINT (30.4079912 50.48732329999999)
527,0.18833669499470584,True,POINT (30.4086639 50.4873075)
528,0.23018200461258456,True,POINT (30.4093983 50.4874074)
529,0.2697240119279562,True,POINT (30.4083956 50.4882081)
530,1.150052903635058,False,POINT (30.4174273 50.4798205)
531,0.8397180644531244,False,POINT (30.4139184 50.4795856)
532,0.49609967133758837,True,POINT (30.40895 50.480283)
533,0.40860377630710715,True,POINT (30.40935 50.4813247)
534,0.4589169134873933,True,POINT (30.4084223 50.480613)
535,0.3423036914256592,True,POINT (30.4080398 50.4818357)
536,0.353889436501552,True,POINT (30.4074812 50.4818186)
537,0.3992727451277085,True,POINT (30.406914 50.481537)
538,0.42832941957175447,True,POINT (30.4395303 50.4942114)
539,1.5034054617245936,False,POINT (30.4227674 50.49291270000001)
540,1.0071805711960016,False,POINT (30.4272674 50.49310670000001)
541,1.2679359827787504,False,POINT (30.4475278 50.4939521)
542,1.2299726237776534,False,POINT (30.447194 50.493864)
543,1.331401708471386,False,POINT (30.4480429 50.4943823)
544,1.123558273107737,False,POINT (30.426717 50.495696)
545,1.0429385010321086,False,POINT (30.4274451 50.4955592)
546,1.0212132813017551,False,POINT (30.4276695 50.4956088)
547,0.8977362482797581,False,POINT (30.4288423 50.4955363)
548,0.7886189283650108,True,POINT (30.4298077 50.4952523)
549,0.7380435762747678,True,POINT (30.4302667 50.4951451)
550,0.6954335452763742,True,POINT (30.4311055 50.4959453)
551,0.6182226200150174,True,POINT (30.432135 50.49616049999999)
552,0.5567233026757513,True,POINT (30.4255569 50.5130662)
553,0.46443316456725203,True,POINT (30.4263669 50.51338939999999)
554,0.3734718026173207,True,POINT (30.4273702 50.5134564)
555,0.672536808909479,True,POINT (30.4240475 50.513991)
556,0.7606818315134493,True,POINT (30.423128 50.5144119)
557,0.7155276945612353,True,POINT (30.4234538 50.5149414)
558,0.5555182724934792,True,POINT (30.4249501 50.5147773)
559,0.5118980503826025,True,POINT (30.4252525 50.5153572)
560,0.4230351929790483,True,POINT (30.4260506 50.5154398)
561,0.5801831613876685,True,POINT (30.429386 50.5101024)
562,0.3606645091347568,True,POINT (30.426702 50.51505170000001)
563,0.15842160297983818,True,POINT (30.42848 50.515541)
564,0.25239395105936324,True,POINT (30.4275385 50.5161687)
565,0.6593404971031912,True,POINT (30.4238766 50.5160664)
566,0.6170510567866841,True,POINT (30.4242685 50.51655460000001)
567,0.5513538178202695,True,POINT (30.424898 50.516952)
568,0.12470073596243723,True,POINT (30.4299587 50.5148476)
569,0.6029032734032191,True,POINT (30.4351151 50.5148217)
570,0.4341982172388696,True,POINT (30.4297725 50.5116062)
571,0.43132114200331595,True,POINT (30.4286634 50.5118368)
572,0.37651777077971266,True,POINT (30.4285317 50.5124982)
573,0.25012122621256133,True,POINT (30.5175959 50.46177470000001)
574,0.27482429246260215,True,POINT (30.5174651 50.4621465)
575,0.3055269505179812,True,POINT (30.5171216 50.4619565)
576,0.2930243623370649,True,POINT (30.5172269 50.4619081)
577,0.3678923689018725,True,POINT (30.516583 50.46214000000001)
578,0.5741179533731402,True,POINT (30.5146214 50.4607047)
579,0.5201620606250098,True,POINT (30.5151003 50.4608498)
580,0.6596945171006535,True,POINT (30.5138389 50.4610813)
581,0.3214808355540874,True,POINT (30.5220205 50.4632396)
582,0.18923404857642456,True,POINT (30.521061 50.462418)
583,0.2772951332727022,True,POINT (30.5217897 50.4628314)
584,0.2989837730651246,True,POINT (30.521832 50.4631354)
585,0.4525555318661462,True,POINT (30.523831 50.4615506)
586,0.4802347864858655,True,POINT (30.5239738 50.4623105)
587,0.3980606332162984,True,POINT (30.5233256 50.4616746)
588,0.3410826668723458,True,POINT (30.5223659 50.46303270000001)
589,0.4857528221155947,True,POINT (30.5160315 50.4637411)
590,0.4857528221155947,True,POINT (30.5160315 50.4637411)
591,0.5813680829994069,True,POINT (30.5081208 50.4709046)
592,0.5962356977446148,True,POINT (30.5077626 50.4719209)
593,0.6402036986395157,True,POINT (30.5073238 50.4722927)
594,0.7505875355596285,True,POINT (30.5063087 50.4726976)
595,0.8143120944539725,False,POINT (30.5057331 50.47284329999999)
596,0.8335763493703667,False,POINT (30.5056075 50.471921)
597,0.8603511201330819,False,POINT (30.5053527 50.4720615)
598,0.8952288654918197,False,POINT (30.5050234 50.472268)
599,0.09314069875864535,True,POINT (30.5128253 50.4719701)
600,0.20177882058804358,True,POINT (30.5114661 50.4718959)
601,0.2718345407314162,True,POINT (30.5106406 50.4724909)
602,0.7545988938163899,True,POINT (30.5062886 50.4734826)
603,0.7072020266727589,True,POINT (30.5067014 50.4731851)
604,1.1713093308895024,False,POINT (30.502774 50.470236)
605,0.2881274071488994,True,POINT (30.5108314 50.4713672)
606,0.364928013599192,True,POINT (30.5105299 50.4704749)
607,0.13830870933693945,True,POINT (30.5119771 50.47219329999999)
608,0.2644546821675424,True,POINT (30.511209 50.47116879999999)
609,0.04729864451028982,True,POINT (30.5131299 50.47241629999999)
610,0.28855574650600835,True,POINT (30.51528189999999 50.4744652)
611,0.5511578660387294,True,POINT (30.5085167 50.4752109)
612,0.5511578660387294,True,POINT (30.5085167 50.4752109)
613,0.18555993518300662,True,POINT (30.513255 50.4748289)
614,0.17461630545912954,True,POINT (30.5125551 50.47463070000001)
615,0.5244756500874478,True,POINT (30.5084569 50.47169779999999)
616,0.4549067106818264,True,POINT (30.509033 50.472055)
617,0.38998450331599394,True,POINT (30.5095717 50.47246610000001)
618,0.32779977768663243,True,POINT (30.51026939999999 50.4717968)
619,0.3366205132382815,True,POINT (30.5100343 50.4727553)
620,0.3269309274850705,True,POINT (30.5101413 50.47332539999999)
621,0.3843303432442771,True,POINT (30.509617 50.473274)
622,0.3860737846399494,True,POINT (30.5096001 50.4732593)
623,0.26566481326284136,True,POINT (30.5107001 50.4733419)
624,0.3256690141932146,True,POINT (30.5102127 50.4737055)
625,0.362634191835748,True,POINT (30.5099675 50.4741104)
626,0.3628123414264315,True,POINT (30.510185 50.474698)
627,0.05449744343597196,True,POINT (30.5135193 50.4727018)
628,0.23863759429632267,True,POINT (30.5151352 50.4722591)
629,0.16570863714421866,True,POINT (30.5145202 50.47254829999999)
630,0.06961851565238665,True,POINT (30.5132604 50.4735931)
631,0.11286445457275553,True,POINT (30.5131607 50.474077)
632,0.09542689736054684,True,POINT (30.5139188 50.472945)
633,0.09592482854070182,True,POINT (30.5138972 50.4731516)
634,0.19462672868553701,True,POINT (30.5141382 50.4745066)
635,0.06756781392423342,True,POINT (30.5135704 50.4732888)
636,0.11175678857931094,True,POINT (30.5135993 50.47388970000001)
637,0.19462672868553701,True,POINT (30.5141382 50.4745066)
638,0.5497073745902032,True,POINT (30.5081495 50.4735899)
639,0.42805573569774563,True,POINT (30.5093517 50.4741104)
640,0.41724446782606883,True,POINT (30.509377 50.47374689999999)
641,0.2515789254781955,True,POINT (30.5109165 50.4737467)
642,0.14736656138241863,True,POINT (30.5122282 50.47410189999999)
643,0.11647338153270817,True,POINT (30.5121387 50.47348220000001)
644,0.1534438136940351,True,POINT (30.5139701 50.47411)
645,0.2352757694022894,True,POINT (30.514935 50.474047)
646,0.12067874799741281,True,POINT (30.5139162 50.4736804)
647,0.30498044780833505,True,POINT (30.5125362 50.4697769)
648,0.25454056355579696,True,POINT (30.5151162 50.4717303)
649,0.16464495448765235,True,POINT (30.5139545 50.4715321)
650,0.2776728417119862,True,POINT (30.5154336 50.4719946)
651,0.3030733244396585,True,POINT (30.5157201 50.47220120000001)
652,0.2879968215127683,True,POINT (30.5156375 50.4725812)
653,0.3237164269199669,True,POINT (30.5159724 50.472796)
654,0.4961765422941472,True,POINT (30.5086079 50.4732855)
655,0.5192280583466746,True,POINT (30.5083901 50.4730528)
656,0.5192280583466746,True,POINT (30.5083901 50.4730528)
657,0.48443041363269,True,POINT (30.5087478 50.4736395)
658,0.5749492954293762,True,POINT (30.508045 50.474377)
659,0.4934297209337207,True,POINT (30.5087704 50.4742317)
660,0.505163226766623,True,POINT (30.5087855 50.4746971)
661,0.4248388325776763,True,POINT (30.5095332 50.4746144)
662,0.9789701605050891,False,POINT (30.4715547 50.4858144)
663,1.0266075884235981,False,POINT (30.4711679 50.4860374)
664,1.1384760925951922,False,POINT (30.470139 50.4863345)
665,0.10564576689413356,True,POINT (30.4780284 50.4796928)
666,0.07693616211563914,True,POINT (30.4783203 50.4806101)
667,0.20580571624207278,True,POINT (30.4770533 50.48041970000001)
668,0.16318492202729223,True,POINT (30.4775598 50.4808744)
669,0.2173480063337928,True,POINT (30.4770408 50.4808907)
670,0.35308285910340353,True,POINT (30.4758936 50.4813779)
671,0.14888925102058093,True,POINT (30.4791641 50.4816779)
672,1.259782556117669,False,POINT (30.4694765 50.4874831)
673,1.4610847457605847,False,POINT (30.4679165 50.4885569)
674,1.4152193526383465,False,POINT (30.4682326 50.488243)
675,1.362204550435823,False,POINT (30.4687179 50.4880906)
676,0.16242346259774015,True,POINT (30.4789602 50.4818499)
677,0.1451479116697668,True,POINT (30.478464 50.481588)
678,0.23238790568139153,True,POINT (30.47776 50.4821966)
679,0.28951502325263273,True,POINT (30.4773999 50.4826345)
680,1.8054906143159404,False,POINT (30.4941552 50.4736958)
681,0.41013221676270273,True,POINT (30.4811641 50.4868007)
682,0.2875345729222863,True,POINT (30.4756449 50.4852785)
683,0.2517261393228973,True,POINT (30.4771695 50.4867749)
684,0.2457885023384303,True,POINT (30.4761557 50.4855762)
685,0.2219020262113319,True,POINT (30.4793066 50.4862465)
686,0.23798076652505445,True,POINT (30.4790125 50.4866432)
687,0.3237512541762281,True,POINT (30.4801259 50.4868335)
688,0.08464282804701205,True,POINT (30.47778 50.4835933)
689,0.144399621507303,True,POINT (30.4793541 50.484843)
690,0.2642951148944339,True,POINT (30.4802646 50.4855691)
691,0.35004148183239886,True,POINT (30.4808989 50.4860982)
692,0.23049773489650763,True,POINT (30.4797459 50.4858747)
693,0.18824838623334564,True,POINT (30.4767019 50.4833037)
694,0.20540263510507933,True,POINT (30.4762722 50.4842292)
695,0.3326370472527396,True,POINT (30.4751338 50.4846916)
696,0.1485058363557566,True,POINT (30.467807 50.4859617)
697,0.24953656812922817,True,POINT (30.4665732 50.484515)
698,0.16498095903348278,True,POINT (30.466988 50.48537460000001)
699,0.2994451859296181,True,POINT (30.4659833 50.4841511)
700,0.3601788061668961,True,POINT (30.4647649 50.484258)
701,0.3784084615858534,True,POINT (30.4654985 50.48348970000001)
702,0.42363377618474857,True,POINT (30.464564 50.4835927)
703,0.45650560932984297,True,POINT (30.4642604 50.4834355)
704,0.45284913812730954,True,POINT (30.4640074 50.483756)
705,0.4863344676554083,True,POINT (30.4638007 50.48350139999999)
706,0.21516885952103693,True,POINT (30.4664332 50.4849116)
707,0.5380758266298719,True,POINT (30.463198 50.483464)
708,0.23012497399095086,True,POINT (30.4662658 50.48480410000001)
709,0.5715171973848988,True,POINT (30.4627582 50.48354639999999)
710,0.2903492554348849,True,POINT (30.4654867 50.4845393)
711,0.6197363615827711,True,POINT (30.46227 50.48347589999999)
712,0.6489391101570774,True,POINT (30.4618886 50.4836032)
713,0.7102099181662438,True,POINT (30.4613352 50.4834342)
714,0.7665261870531849,True,POINT (30.4608117 50.48331820000001)
715,0.7872545026389317,True,POINT (30.460627 50.4832603)
716,0.8144668925421071,False,POINT (30.4603125 50.4833511)
717,0.4684420111005952,True,POINT (30.4635113 50.4841748)
718,0.8487289767718157,False,POINT (30.4600286 50.4832104)
719,0.5353853792615505,True,POINT (30.4629435 50.4838936)
720,0.8767667271011045,False,POINT (30.4597275 50.483264)
721,0.9031886111566589,False,POINT (30.4595117 50.4831482)
722,0.5871158628152534,True,POINT (30.4621524 50.4843891)
723,0.937236368935145,False,POINT (30.4592059 50.4830695)
724,0.6679685424830021,True,POINT (30.4615755 50.4838434)
725,0.6679685424830021,True,POINT (30.4615755 50.4838434)
726,0.9659904038453458,False,POINT (30.4589354 50.48303629999999)
727,0.9974020226977973,False,POINT (30.4586231 50.4830486)
728,0.8232630788998545,False,POINT (30.4600712 50.4837435)
729,0.8230990912765148,False,POINT (30.4600664 50.4837611)
730,0.8230990912765148,False,POINT (30.4600664 50.4837611)
731,1.039587119676285,False,POINT (30.4582534 50.48293270000001)
732,1.039587119676285,False,POINT (30.4582534 50.48293270000001)
733,0.8882716207161977,False,POINT (30.4593238 50.484115)
734,0.8866662984678969,False,POINT (30.459464 50.4837184)
735,0.9607975457494246,False,POINT (30.4588042 50.4835528)
736,0.972582930501767,False,POINT (30.4586195 50.4837841)
737,1.2045978833758497,False,POINT (30.4566745 50.48289879999999)
738,1.08359361121011,False,POINT (30.4576735 50.4834117)
739,1.1540822580906591,False,POINT (30.4570006 50.4834279)
740,1.1540822580906591,False,POINT (30.4570006 50.4834279)
741,1.2937441622252488,False,POINT (30.4557425 50.4832124)
742,0.3426346175240334,True,POINT (30.4688471 50.4843258)
743,0.41970914220997074,True,POINT (30.4700838 50.4847477)
744,0.24229234716491668,True,POINT (30.4681003 50.48498660000001)
745,0.2566291293747424,True,POINT (30.4677699 50.4846146)
746,0.14648596628300417,True,POINT (30.4662318 50.485771)
747,0.1506975078271993,True,POINT (30.4655661 50.4867727)
748,0.08833584708762815,True,POINT (30.466444 50.4863331)
749,0.20196007372813418,True,POINT (30.4651422 50.4865309)
750,0.2629184307246143,True,POINT (30.4645442 50.4867703)
751,0.3888345300575664,True,POINT (30.4633963 50.4869682)
752,0.4136108924093502,True,POINT (30.4631722 50.4871664)
753,0.4455600412994555,True,POINT (30.4628864 50.4872489)
754,0.3304762276744049,True,POINT (30.4639198 50.4870841)
755,0.48849184227007525,True,POINT (30.4625084 50.4874471)
756,0.37345517909402187,True,POINT (30.4635375 50.48729470000001)
757,0.4096683267493455,True,POINT (30.463221 50.487464)
758,0.46778484678911675,True,POINT (30.4627132 50.4876662)
759,0.4819807929232611,True,POINT (30.4625967 50.4877778)
760,0.5021516408162696,True,POINT (30.4624209 50.4878397)
761,0.5216941411943151,True,POINT (30.4622494 50.48788920000001)
762,0.5596427965284914,True,POINT (30.4619285 50.4880709)
763,0.6195288611608274,True,POINT (30.461423 50.48833920000001)
764,0.14979755232355696,True,POINT (30.4666099 50.4886225)
765,0.18617079148683444,True,POINT (30.4662143 50.48887029999999)
766,0.3080135160546943,True,POINT (30.4651023 50.4895475)
767,0.3502152351501423,True,POINT (30.4647242 50.48974570000001)
768,0.1378703503332481,True,POINT (30.4681342 50.48706929999999)
769,0.06415693287925699,True,POINT (30.4670223 50.4877466)
770,0.20757140772341104,True,POINT (30.468692 50.4865075)
771,1.2787799573185965,False,POINT (30.4560321 50.4826836)
772,1.203137986134578,False,POINT (30.4568761 50.4823287)
773,1.2047905718736578,False,POINT (30.4570541 50.481812)
774,1.125092550239991,False,POINT (30.4577073 50.48215560000001)
775,1.0402002129564203,False,POINT (30.4585601 50.482148)
776,0.4796707481479841,True,POINT (30.4711862 50.48656629999999)
777,0.4221424892842546,True,POINT (30.4706853 50.4868223)
778,0.33384712424107066,True,POINT (30.4698845 50.4867642)
779,0.56270702628592,True,POINT (30.4719073 50.486269)
780,0.9028864187550596,False,POINT (30.5147593 50.4599247)
781,0.8613988535850847,False,POINT (30.5156731 50.4596602)
782,0.8264591929843969,False,POINT (30.5162974 50.4596354)
783,0.8575766334708876,False,POINT (30.51667 50.459038)
784,0.5315763109579963,True,POINT (30.5240275 50.4640536)
785,0.5488558629139975,True,POINT (30.524104 50.463862)
786,0.5942538679447643,True,POINT (30.524407 50.463537)
787,0.4693327719683171,True,POINT (30.523549 50.4643924)
788,0.31882418744296176,True,POINT (30.5194934 50.47037460000001)
789,1.3037259030533992,False,POINT (30.509263 50.4616929)
790,1.2960647056694086,False,POINT (30.5094723 50.4613489)
791,1.2931408471983694,False,POINT (30.509576 50.4611684)
792,1.3269836681996185,False,POINT (30.509279 50.461069)
793,1.3023965471561056,False,POINT (30.5095733 50.4609577)
794,1.2692514174937293,False,POINT (30.5099528 50.4608609)
795,1.2824768632981056,False,POINT (30.509809 50.460881)
796,1.19094795254391,False,POINT (30.5108669 50.46065)
797,1.2536395602896524,False,POINT (30.5101445 50.4607925)
798,1.2281147443470717,False,POINT (30.5108459 50.45996629999999)
799,1.1712983901307765,False,POINT (30.5114527 50.4599911)
800,1.2281147443470717,False,POINT (30.5108459 50.45996629999999)
801,1.111830265598958,False,POINT (30.5122262 50.4598341)
802,1.1599080186342616,False,POINT (30.5116416 50.4598919)
803,1.18830448292078,False,POINT (30.5114607 50.45967720000001)
804,1.1937951983021762,False,POINT (30.511405 50.459668)
805,1.1414285559420443,False,POINT (30.5118583 50.4598784)
806,1.1502392493894662,False,POINT (30.5118478 50.45974320000001)
807,1.1364431685557408,False,POINT (30.5121025 50.4596028)
808,1.116671874950818,False,POINT (30.5124801 50.4594045)
809,1.0819385779145914,False,POINT (30.5130386 50.4592368)
810,1.0353572043915997,False,POINT (30.5138509 50.4590079)
811,0.925846788270434,False,POINT (30.5149474 50.45943920000001)
812,0.05082663892411736,True,POINT (30.5196963 50.4674664)
813,0.12724109640250966,True,POINT (30.5190022 50.4676896)
814,0.28960538456990187,True,POINT (30.5175961 50.4681855)
815,0.3255996702900983,True,POINT (30.5172929 50.46831779999999)
816,0.32380667001295127,True,POINT (30.5174107 50.46858579999999)
817,0.5475380867220838,True,POINT (30.515515 50.469394)
818,0.4437029755232566,True,POINT (30.5164832 50.4692324)
819,0.11797204726016325,True,POINT (30.5197272 50.4659215)
820,0.10167540151932543,True,POINT (30.520212 50.466062)
821,0.2165444609288868,True,POINT (30.521937 50.4666398)
822,0.10631182459634082,True,POINT (30.5206525 50.4662599)
823,0.10631182459634082,True,POINT (30.5206525 50.4662599)
824,0.11901084593327486,True,POINT (30.5210857 50.4673092)
825,1.3077978708678772,False,POINT (30.5103676 50.4593033)
826,1.3237916476227936,False,POINT (30.5103509 50.4590412)
827,1.2833918676395561,False,POINT (30.5104288 50.4596516)
828,1.2271036537677034,False,POINT (30.510969 50.4597758)
829,1.3349373237162494,False,POINT (30.5104582 50.4586763)
830,1.2271036537677034,False,POINT (30.510969 50.4597758)
831,1.3608011757062113,False,POINT (30.5104905 50.4581896)
832,2.038531551738928,False,POINT (30.5332198 50.4819033)
833,1.9418653489280224,False,POINT (30.5337999 50.4795922)
834,0.3220259718622667,True,POINT (30.5220193 50.4646571)
835,0.4220443623054735,True,POINT (30.523589 50.46556500000001)
836,0.4413237292540918,True,POINT (30.523823 50.465738)
837,0.3694572572313683,True,POINT (30.5169383 50.4656823)
838,0.3694572572313683,True,POINT (30.5169383 50.4656823)
839,0.4454284039935632,True,POINT (30.51617 50.465847)
840,0.4454284039935632,True,POINT (30.51617 50.465847)
841,0.8851703507308326,False,POINT (30.525481 50.4603606)
842,0.8223560086965133,False,POINT (30.5253954 50.46118670000001)
843,0.7768548451608109,True,POINT (30.52547539999999 50.46201420000001)
844,0.7768548451608109,True,POINT (30.52547539999999 50.46201420000001)
845,0.7440533495658198,True,POINT (30.5254348 50.4625155)
846,0.5940392304210671,True,POINT (30.5248067 50.4643178)
847,0.38790777331701953,True,POINT (30.5225182 50.4699444)
848,0.3819859479630292,True,POINT (30.5219596 50.4704048)
849,0.3819859479630292,True,POINT (30.5219596 50.4704048)
850,0.21642117192456892,True,POINT (30.5219551 50.467442)
851,0.16795138362345083,True,POINT (30.520843 50.4685815)
852,0.19027308362969464,True,POINT (30.5208524 50.4688459)
853,0.14635059126206518,True,POINT (30.5200558 50.4686313)
854,0.20696043770287947,True,POINT (30.5193845 50.4691309)
855,0.41251641798091254,True,POINT (30.5174873 50.47024279999999)
856,0.587175105318064,True,POINT (30.5162589 50.47139960000001)
857,0.2053310994707878,True,POINT (30.5182606 50.4664833)
858,0.1199797914530424,True,POINT (30.5191656 50.46635120000001)
859,0.16315204809372535,True,POINT (30.5186651 50.4664737)
860,0.17177676009932485,True,POINT (30.5185158 50.4667396)
861,0.13364502328160818,True,POINT (30.5207716 50.4682015)
862,0.07118171190650065,True,POINT (30.5205367 50.4675571)
863,0.11383317143126671,True,POINT (30.5202353 50.46826770000001)
864,0.08285591878533302,True,POINT (30.5202518 50.467929)
865,0.11937877926154469,True,POINT (30.5209025 50.4678297)
866,0.16041011669355246,True,POINT (30.5210955 50.4682328)
867,0.11776545660790397,True,POINT (30.5195005 50.46816870000001)
868,0.25437434762838185,True,POINT (30.5178959 50.4680651)
869,0.16188263398653102,True,POINT (30.5193917 50.4686231)
870,0.22780944863413213,True,POINT (30.5184414 50.4686075)
871,0.18889006117939966,True,POINT (30.5201245 50.4690729)
872,0.1990778804491289,True,POINT (30.519133 50.4689032)
873,0.2192798378792968,True,POINT (30.5198424 50.4693831)
874,0.26956113205649435,True,POINT (30.5198614 50.4699119)
875,0.3155733767231493,True,POINT (30.5214319 50.4699694)
876,0.6432617050710213,True,POINT (30.5175369 50.4610382)
877,0.6998275532740272,True,POINT (30.5172628 50.4605357)
878,0.7236431882001912,True,POINT (30.5169328 50.4604531)
879,0.7350847204225216,True,POINT (30.516961 50.4603003)
880,0.18724752495949412,True,POINT (30.4418647 50.5093662)
881,0.26983526227526694,True,POINT (30.4410636 50.50930779999999)
882,0.1472165900972564,True,POINT (30.442569 50.5097784)
883,0.2708871135712325,True,POINT (30.4450798 50.510656)
884,0.2708871135712325,True,POINT (30.4450798 50.510656)
885,0.2708871135712325,True,POINT (30.4450798 50.510656)
886,0.2708871135712325,True,POINT (30.4450798 50.510656)
887,0.5124855377847817,True,POINT (30.4393031 50.51102150000001)
888,0.3850748012986124,True,POINT (30.4404044 50.51058889999999)
889,0.3497496816185273,True,POINT (30.4413248 50.5113254)
890,0.35799067771686544,True,POINT (30.4415671 50.5116563)
891,0.40352358651923076,True,POINT (30.4409422 50.51168060000001)
892,0.37266393018423255,True,POINT (30.441761 50.5119789)
893,0.33228513140228544,True,POINT (30.4422846 50.5118056)
894,0.3043503890129971,True,POINT (30.4427422 50.5116736)
895,0.3618643824947479,True,POINT (30.4424523 50.5122026)
896,0.2911441602662993,True,POINT (30.4432219 50.51162429999999)
897,0.468187819895875,True,POINT (30.4425499 50.5133768)
898,0.36831036322909533,True,POINT (30.4440367 50.512369)
899,0.36253000886751985,True,POINT (30.443469 50.5123769)
900,0.4326521192065408,True,POINT (30.4414709 50.51250779999999)
901,0.48580885101106713,True,POINT (30.4420524 50.5134126)
902,0.6577612537158157,True,POINT (30.4405702 50.5146157)
903,0.5675013659711335,True,POINT (30.4421589 50.5143357)
904,0.5728209831450959,True,POINT (30.4434619 50.5145722)
905,0.5633616335548444,True,POINT (30.4452881 50.5140565)
906,0.5633616335548444,True,POINT (30.4452881 50.5140565)
907,0.5633616335548444,True,POINT (30.4452881 50.5140565)
908,0.5633616335548444,True,POINT (30.4452881 50.5140565)
909,0.5633616335548444,True,POINT (30.4452881 50.5140565)
910,0.6438794877927781,True,POINT (30.4491843 50.5091823)
911,0.6438794877927781,True,POINT (30.4491843 50.5091823)
912,0.823006697620058,False,POINT (30.4496229 50.5132737)
913,0.7315504392712227,True,POINT (30.4485754 50.5133309)
914,0.7862302846093087,True,POINT (30.4488621 50.51382720000001)
915,0.6860458118899293,True,POINT (30.4469391 50.514471)
916,1.008996840188513,False,POINT (30.4493223 50.51658920000001)
917,1.0335909074694873,False,POINT (30.4492216 50.51701920000001)
918,1.0541130302658466,False,POINT (30.4492305 50.5172838)
919,0.21786372381611005,True,POINT (30.4452731 50.507877)
920,0.21786372381611005,True,POINT (30.4452731 50.507877)
921,0.45612095409096987,True,POINT (30.4475168 50.5086369)
922,0.2598613342259733,True,POINT (30.4454408 50.5072437)
923,0.43836840117562714,True,POINT (30.4473495 50.5083073)
924,0.18071356678880873,True,POINT (30.4447986 50.5076071)
925,0.3636650157128751,True,POINT (30.4363761 50.5155802)
926,0.4110284750443059,True,POINT (30.4368339 50.5154482)
927,0.7737876336649026,True,POINT (30.4401521 50.5147808)
928,0.7737876336649026,True,POINT (30.4401521 50.5147808)
929,0.7436074744695289,True,POINT (30.4398789 50.5148991)
930,0.6952967451302449,True,POINT (30.4394393 50.5150532)
931,0.6452474482747412,True,POINT (30.4389816 50.5151852)
932,0.5956146736193766,True,POINT (30.438524 50.5153171)
933,0.5554285517894539,True,POINT (30.4381368 50.5155401)
934,0.5121747846863952,True,POINT (30.4377188 50.5157052)
935,0.47508075508647746,True,POINT (30.4373403 50.5159034)
936,0.42898259535885047,True,POINT (30.4368651 50.516085)
937,0.20453575203482696,True,POINT (30.4319517 50.5131376)
938,0.2755888020845486,True,POINT (30.4309878 50.5133932)
939,0.46525243981329456,True,POINT (30.4290166 50.5143177)
940,0.34413320939054903,True,POINT (30.430829 50.5123925)
941,0.5425633931955032,True,POINT (30.4284792 50.5132258)
942,0.5414030699180905,True,POINT (30.4380085 50.51388970000001)
943,0.4622568240097596,True,POINT (30.437335 50.514324)
944,0.41908353973113643,True,POINT (30.4369566 50.5145222)
945,0.3766253107580736,True,POINT (30.4365783 50.51472039999999)
946,0.3351276454000669,True,POINT (30.4361999 50.5149186)
947,0.3340502125787734,True,POINT (30.4361818 50.5143894)
948,0.30028228390640554,True,POINT (30.4358634 50.51516710000001)
949,0.30766102986246935,True,POINT (30.4349042 50.5121972)
950,0.3673078968566801,True,POINT (30.4358462 50.51243770000001)
951,0.2637813233434162,True,POINT (30.4351262 50.51312670000001)
952,0.20690632051505567,True,POINT (30.4339407 50.51274220000001)
953,0.14070060044913368,True,POINT (30.4339475 50.513542)
954,1.169673927840828,False,POINT (30.4227491 50.513163)
955,1.2306331889332556,False,POINT (30.4221639 50.5135098)
956,1.305435419272945,False,POINT (30.421507 50.513283)
957,1.7628446105202333,False,POINT (30.4192623 50.5059088)
958,1.6827903922145473,False,POINT (30.4200719 50.5059426)
959,0.47761914703920255,True,POINT (30.4366768 50.5176311)
